{"assets/csv/test.txt":["assets/csv/test.txt"],"assets/icon.bmp":["assets/icon.bmp"],"assets/icon.ico":["assets/icon.ico"],"assets/icon.png":["assets/icon.png"],"assets/stamp_1.png":["assets/stamp_1.png"],"assets/stamp_2.png":["assets/stamp_2.png"],"assets/stamp_3.png":["assets/stamp_3.png"],"assets/taegi_icon.ico":["assets/taegi_icon.ico"],"assets/taegi_icon.png":["assets/taegi_icon.png"],"packages/cupertino_icons/assets/CupertinoIcons.ttf":["packages/cupertino_icons/assets/CupertinoIcons.ttf"],"packages/fluent_ui/assets/AcrylicNoise.png":["packages/fluent_ui/assets/AcrylicNoise.png"],"packages/fluent_ui/fonts/FluentIcons.ttf":["packages/fluent_ui/fonts/FluentIcons.ttf"]}